{
  "HieronGaming": {
    "weight": 10
  },
  "Gen_Deathrow": {
    "weight": 10
  },
  "darkosto": {
    "weight": 10
  },
  "Son_Of_Diablo": {
    "weight": 10
  },
  "Scrogs63": {
    "weight": 10
  },
  "KoObla": {
    "weight": 10
  },
  "way2muchnoise": {
    "weight": 10
  },
  "mybigfriendjo": {
    "weight": 10
  },
  "chimeric13": {
    "weight": 10
  },
  "HellFirePvP": {
    "weight": 10
  },
  "RogerHL": {
    "weight": 10
  },
  "MissKittyNL": {
    "weight": 10
  },
  "fjzig": {
    "weight": 10
  },
  "grannymc": {
    "weight": 10
  },
  "mac2040": {
    "weight": 10
  },
  "SinfulDeity": {
    "weight": 10
  },
  "LexManos": {
    "weight": 10
  },
  "TheMattaBase": {
    "weight": 10
  },
  "Bullorg74": {
    "weight": 10
  },
  "Notch": {
    "weight": 10
  },
  "C418": {
    "weight": 10
  },
  "bovine_9": {
    "weight": 10
  },
  "Livingshado": {
    "weight": 10
  },
  "SrslyWhimsical": {
    "weight": 10
  },
  "Funwayguy": {
    "weight": 10
  },
  "ZeroKazuma": {
    "weight": 10
  },
  "Sverd": {
    "weight": 10
  },
  "tyra_oa": {
    "weight": 10
  },
  "zapple94": {
    "weight": 10
  },
  "Sunsetwhiskey": {
    "weight": 10
  },
  "LovelessTie": {
    "weight": 10
  },
  "ceejay68": {
    "weight": 10
  },
  "Chelnoble": {
    "weight": 10
  },
  "darkphan": {
    "weight": 10
  },
  "Kashdeya": {
    "weight": 10
  },
  "GaylenPellaz": {
    "weight": 10
  },
  "Jsl7": {
    "weight": 10
  },
  "Darkosto": {
    "weight": 10
  },
  "Bacon_Donut": {
    "weight": 10
  },
  "Judicius": {
    "weight": 10
  },
  "SirNo": {
    "weight": 10
  },
  "mickmulloy": {
    "weight": 10
  },
  "Leotomas": {
    "weight": 10
  },
  "Terraj": {
    "weight": 10
  },
  "jsl7": {
    "weight": 10
  },
  "silentpyro1": {
    "weight": 10
  },
  "rgasf": {
    "weight": 10
  },
  "Bar0n3ss": {
    "weight": 10
  },
  "ASCIIFish": {
    "weight": 10
  },
  "Jenzacade": {
    "weight": 10
  },
  "Bustaj": {
    "weight": 10
  },
  "Charles12875": {
    "weight": 10
  },
  "Dunstrum": {
    "weight": 10
  },
  "Fellwing94": {
    "weight": 10
  },
  "EvilSeph": {
    "weight": 10
  },
  "ganymedes01": {
    "weight": 10
  },
  "jeb_": {
    "weight": 10
  },
  "DatFailGamur": {
    "weight": 10
  },
  "flaborta": {
    "weight": 10
  },
  "adamcirillo": {
    "weight": 10
  },
  "Sp33dy75": {
    "weight": 10
  },
  "DriaBennett": {
    "weight": 10
  },
  "Zamar": {
    "weight": 10
  },
  "SlothMonster_": {
    "weight": 10
  },
  "GWSheridan": {
    "weight": 10
  },
  "jcgriff": {
    "weight": 10
  },
  "hixfd398": {
    "weight": 10
  },
  "Turkey2349": {
    "weight": 10
  },
  "direwolf20": {
    "weight": 10
  },
  "tbiehn1243": {
    "weight": 10
  },
  "shimmerintime": {
    "weight": 10
  },
  "postal_insanity": {
    "weight": 10
  },
  "Ugrashrath": {
    "weight": 10
  },
  "Nevynx": {
    "weight": 10
  },
  "Octoberly": {
    "weight": 10
  },
  "DoctorAnguus": {
    "weight": 10
  },
  "Gooderness": {
    "weight": 10
  },
  "munkytos": {
    "weight": 10
  },
  "munchkin604": {
    "weight": 10
  },
  "Tkdriverx": {
    "weight": 10
  },
  "carnalizer": {
    "weight": 10
  },
  "Omegapheonix2001": {
    "weight": 10
  },
  "VoodooMonkey": {
    "weight": 10
  },
  "Teraphina": {
    "weight": 10
  },
  "Jandakast": {
    "weight": 10
  },
  "cdub9501": {
    "weight": 10
  },
  "Seabeejojo": {
    "weight": 10
  },
  "Uniquekakarot": {
    "weight": 10
  },
  "FPSaddiction": {
    "weight": 10
  },
  "Gory_Moon": {
    "weight": 10
  },
  "cpw11": {
    "weight": 10
  },
  "Zhombee": {
    "weight": 10
  },
  "garlicinyoureye": {
    "weight": 10
  },
  "janarron": {
    "weight": 10
  },
  "SuperIronBob": {
    "weight": 10
  },
  "Rudolpher": {
    "weight": 10
  },
  "Vash505": {
    "weight": 10
  }
}