{
    "name": "grain",
    "icon": "minecraft:wheat",
    "color": "f4d92e",
    "enabled": true,
    "food": {
        "oredict": [
            "bread",
            "cropCinnamon",
            "cropCoffee",
            "cropCotton",
            "cropCurryleaf",
            "cropMustard",
            "cropNutmeg",
            "cropRice",
            "cropSesame",
            "foodCoffee",
            "foodDatenutbread",
            "foodDonut",
            "foodDough",
            "foodGarlicbread",
            "foodGingerbread",
            "foodLavendershortbread",
            "foodPumpkinbread",
            "foodRicecake",
            "foodSausageinbread",
            "foodToast",
            "foodTortilla",
            "foodWalnutraisinbread",
            "foodZucchinibread",
            "listAllgrain"
        ],
        "items": [
            "actuallyadditions:item_food:4",
            "actuallyadditions:item_food:5",
            "actuallyadditions:item_food:6",
            "actuallyadditions:item_food:7",
            "actuallyadditions:item_food:8",
            "actuallyadditions:item_food:10",
            "actuallyadditions:item_food:11",
            "actuallyadditions:item_food:12",
            "actuallyadditions:item_food:14",
            "actuallyadditions:item_food:15",
            "actuallyadditions:item_food:17",
            "actuallyadditions:item_food:18",
            "actuallyadditions:item_food:19",
            "betterwithaddons:food_bowl_rice",
            "betterwithaddons:food_cooked_rice",
            "betterwithmods:donut",
            "betterwithmods:hearty_stew",
            "betterwithmods:tasty_sandwich",
            "minecraft:bread",
            "minecraft:cake",
            "minecraft:cookie",
            "minecraft:golden_apple:1",
            "primal:corn_bread",
            "progressiontweaks:flat_bread",
            "thebetweenlands:gerts_donut",
            "thebetweenlands:jam_donut",
            "thebetweenlands:reed_donut",
            "twilightforest:maze_wafer",
            "twilightforest:meef_stroganoff",
            "actuallyadditions:item_canola_seed",
            "actuallyadditions:item_coffee",
            "ferdinandsflowers:block_birthday",
            "galacticraftcore:food:5",
            "galacticraftcore:food:8",
            "thebetweenlands:christmas_pudding",
            "twilightforest:experiment_115"
        ]
    }
}