{
    "name": "protein",
    "icon": "minecraft:cooked_beef",
    "color": "db6c23",
    "enabled": true,
    "food": {
        "oredict": [
            "egg",
            "foodBoiledegg",
            "foodClamcooked",
            "foodClamraw",
            "foodCrabcooked",
            "foodCrabraw",
            "foodCrayfishcooked",
            "foodCrayfishraw",
            "foodEelraw",
            "foodFirmtofu",
            "foodFriedegg",
            "foodFrogcooked",
            "foodFrograw",
            "foodOctopuscooked",
            "foodOctopusraw",
            "foodScallopcooked",
            "foodScallopraw",
            "foodShrimpcooked",
            "foodShrimpraw",
            "foodSilkentofu",
            "foodSnailcooked",
            "foodSnailraw",
            "foodTurtlecooked",
            "foodTurtleraw",
            "listAllfishcooked",
            "listAllfishraw",
            "listAllmeatcooked",
            "listAllmeatraw",
            "listAllnut",
            "listAllnutbutter"
        ],
        "items": [
            "abyssalcraft:friedegg",
            "actuallyadditions:item_food",
            "actuallyadditions:item_food:3",
            "actuallyadditions:item_food:11",
            "actuallyadditions:item_food:13",
            "actuallyadditions:item_food:14",
            "actuallyadditions:item_food:20",
            "animalium:bear_meat",
            "animalium:bear_meat_cooked",
            "animalium:rat_meat",
            "animalium:rat_meat_cooked",
            "betterwithaddons:food_egg_cooked",
            "betterwithaddons:food_fugu_sac",
            "betterwithaddons:food_ground_meat",
            "betterwithaddons:food_meatballs",
            "betterwithaddons:food_pie_amanita",
            "betterwithaddons:food_pie_meat",
            "betterwithaddons:food_pie_mushroom",
            "betterwithaddons:food_pufferfish_cooked",
            "betterwithaddons:food_pufferfish_prepared",
            "betterwithaddons:food_sashimi",
            "betterwithmods:beef_dinner",
            "betterwithmods:beef_potatoes",
            "betterwithmods:chicken_soup",
            "betterwithmods:chowder",
            "betterwithmods:cooked_egg",
            "betterwithmods:cooked_kebab",
            "betterwithmods:cooked_omelet",
            "betterwithmods:cooked_scrambled_egg",
            "betterwithmods:cooked_wolf_chop",
            "betterwithmods:ham_and_eggs",
            "betterwithmods:hearty_stew",
            "betterwithmods:mystery_meat",
            "betterwithmods:pork_dinner",
            "betterwithmods:raw_egg",
            "betterwithmods:raw_kebab",
            "betterwithmods:raw_omelet",
            "betterwithmods:raw_scrambled_egg",
            "betterwithmods:tasty_sandwich",
            "betterwithmods:wolf_chop",
            "galacticraftcore:cheese_curd",
            "minecraft:beef",
            "minecraft:cake",
            "minecraft:chicken",
            "minecraft:cooked_beef",
            "minecraft:cooked_chicken",
            "minecraft:cooked_fish:0",
            "minecraft:cooked_fish:1",
            "minecraft:cooked_mutton",
            "minecraft:cooked_porkchop",
            "minecraft:cooked_rabbit",
            "minecraft:fish:0",
            "minecraft:fish:1",
            "minecraft:fish:2",
            "minecraft:fish:3",
            "minecraft:golden_apple:1",
            "minecraft:mutton",
            "minecraft:porkchop",
            "minecraft:pumpkin_pie",
            "minecraft:rabbit",
            "minecraft:rabbit_stew",
            "natura:edibles:1",
            "nex:food_meat_ghast_cooked",
            "nex:food_meat_ghast_raw",
            "primal:bat_meat_cooked",
            "primal:bear_meat_cooked",
            "primal:cheese_red",
            "primal:cheese_white",
            "primal:chum",
            "primal:fish_clown_cured",
            "primal:fish_clown_dried",
            "primal:fish_clown_salted",
            "primal:fish_puffer_cured",
            "primal:fish_puffer_dried",
            "primal:fish_puffer_salted",
            "primal:gator_meat_cooked",
            "primal:gator_meat_raw",
            "primal:horse_meat_cooked",
            "primal:horse_meat_raw",
            "primal:llama_meat_cooked",
            "primal:ovis_meat_cooked",
            "primal:pigman_meat_cooked",
            "primal:shark_meat_cooked",
            "primal:shark_meat_cured",
            "primal:shark_meat_dried",
            "primal:shark_meat_raw",
            "primal:shark_meat_rotten",
            "primal:shark_meat_salted",
            "primal:wolf_meat_cooked",
            "primal:wolf_meat_raw",
            "tconstruct:edible",
            "tconstruct:edible:10",
            "tconstruct:edible:11",
            "tconstruct:edible:12",
            "tconstruct:edible:13",
            "tconstruct:edible:14",
            "tconstruct:edible:15",
            "tconstruct:edible:20",
            "tconstruct:edible:21",
            "tconstruct:edible:22",
            "tconstruct:edible:23",
            "thebetweenlands:angler_meat_cooked",
            "thebetweenlands:angler_meat_raw",
            "thebetweenlands:black_hat_mushroom_item",
            "thebetweenlands:bulb_capped_mushroom_item",
            "thebetweenlands:crab_stick",
            "thebetweenlands:flat_head_mushroom_item",
            "thebetweenlands:frog_legs_cooked",
            "thebetweenlands:frog_legs_raw",
            "thebetweenlands:kraken_calamari",
            "thebetweenlands:kraken_tentacle",
            "thebetweenlands:mince_pie",
            "thebetweenlands:silt_crab_claw",
            "thebetweenlands:snail_flesh_cooked",
            "thebetweenlands:snail_flesh_raw",
            "thebetweenlands:yellow_dotted_fungus",
            "twilightforest:cooked_meef",
            "twilightforest:cooked_venison",
            "twilightforest:experiment_115",
            "twilightforest:hydra_chop",
            "twilightforest:meef_stroganoff",
            "twilightforest:raw_meef",
            "twilightforest:raw_venison",
            "abyssalcraft:antibeef",
            "abyssalcraft:antichicken",
            "abyssalcraft:antipork",
            "abyssalcraft:beefp",
            "abyssalcraft:chickenp",
            "abyssalcraft:eggp",
            "abyssalcraft:fishp",
            "abyssalcraft:porkp",
            "betterwithaddons:food_pufferfish_baked",
            "betterwithmods:kibble",
            "ferdinandsflowers:block_birthday",
            "galacticraftcore:food:4",
            "galacticraftcore:food:6",
            "galacticraftcore:food:7",
            "galacticraftcore:food:8",
            "galacticraftcore:food:9",
            "primal:bat_meat_dried",
            "primal:bear_meat_dried",
            "primal:bear_meat_salted",
            "primal:fish_clown_cooked",
            "primal:fish_cod_cured",
            "primal:fish_cod_dried",
            "primal:fish_cod_salted",
            "primal:fish_lava_crawdad_cured",
            "primal:fish_lava_crawdad_dried",
            "primal:fish_lava_crawdad_salted",
            "primal:fish_lava_worm_cured",
            "primal:fish_lava_worm_dried",
            "primal:fish_lava_worm_salted",
            "primal:fish_puffer_cooked",
            "primal:fish_salmon_cured",
            "primal:fish_salmon_dried",
            "primal:fish_salmon_salted",
            "primal:gator_meat_cured",
            "primal:gator_meat_salted",
            "primal:horse_meat_dried",
            "primal:llama_meat_salted",
            "primal:ovis_meat_dried",
            "primal:pigman_meat_cured",
            "primal:pigman_meat_dried",
            "primal:pigman_meat_salted",
            "primal:wolf_meat_dried",
            "thebetweenlands:mire_scramble",
            "thebetweenlands:mire_snail_egg",
            "thebetweenlands:mire_snail_egg_cooked"
        ]
    }
}