{
  "version": 1,
  "data": {
    "0": "WATER",
    "1": "PLAINS",
    "2": "DESERT",
    "3": "MOUNTAINS",
    "4": "FOREST",
    "5": "PINES",
    "6": "SWAMP",
    "7": "WATER",
    "8": "CAVE_WALLS",
    "9": "SHORE",
    "10": "ICE",
    "11": "ICE",
    "12": "SNOW",
    "13": "SNOW_HILLS",
    "14": "MUSHROOM",
    "15": "SHORE",
    "16": "SHORE",
    "17": "DESERT_HILLS",
    "18": "FOREST_HILLS",
    "19": "PINES_HILLS",
    "20": "MOUNTAINS",
    "21": "JUNGLE",
    "22": "JUNGLE_HILLS",
    "23": "JUNGLE_EDGE",
    "24": "WATER",
    "25": "ROCK_SHORE",
    "26": "SHORE",
    "27": "BIRCH",
    "28": "BIRCH_HILLS",
    "29": "DENSE_FOREST",
    "30": "SNOW_PINES",
    "31": "SNOW_PINES_HILLS",
    "32": "MEGA_TAIGA",
    "33": "MEGA_TAIGA_HILLS",
    "34": "MOUNTAINS_ALL",
    "35": "SAVANNA",
    "36": "PLATEAU_SAVANNA",
    "37": "MESA",
    "38": "PLATEAU_MESA_TREES",
    "39": "PLATEAU_MESA",
    "40": "END_VOID",
    "41": "END_VOID",
    "42": "END_VOID",
    "43": "END_VOID",
    "44": "END_VOID",
    "45": "END_VOID",
    "46": "END_VOID",
    "47": "END_VOID",
    "48": "END_VOID",
    "49": "END_VOID",
    "50": "END_VOID",
    "51": "END_VOID",
    "52": "END_VOID",
    "53": "END_VOID",
    "54": "BIRCH",
    "55": "CAVE_WALLS",
    "56": "DESERT",
    "57": "MUSHROOM",
    "58": "PLAINS",
    "59": "DESERT",
    "60": "FOREST",
    "61": "BIRCH",
    "62": "JUNGLE",
    "63": "PLAINS",
    "64": "SWAMP",
    "65": "DESERT",
    "66": "FOREST",
    "67": "FOREST",
    "68": "DESERT_HILLS",
    "69": "PLATEAU_MESA_LOW",
    "70": "FOREST_HILLS",
    "71": "BIRCH_HILLS",
    "72": "DENSE_FOREST_HILLS",
    "73": "MOUNTAINS",
    "74": "ICE",
    "75": "ICE_SPIKES",
    "76": "SNOW_PINES",
    "77": "MEGA_SPRUCE_HILLS",
    "78": "PLATEAU_MESA_LOW",
    "79": "PLATEAU_MESA",
    "80": "WATER",
    "81": "FOREST",
    "82": "DENSE_FOREST",
    "83": "PLATEAU_MESA_TREES",
    "84": "MEGA_SPRUCE",
    "85": "SWAMP",
    "86": "WATER",
    "87": "SNOW_PINES",
    "88": "SNOW",
    "89": "PLAINS",
    "90": "SAVANNA",
    "91": "BIRCH",
    "92": "MEGA_SPRUCE_HILLS",
    "93": "JUNGLE",
    "94": "FOREST_FLOWERS",
    "95": "SWAMP_HILLS",
    "96": "JUNGLE_CLIFFS",
    "97": "PLATEAU_MESA",
    "98": "DESERT_HILLS",
    "99": "JUNGLE_EDGE",
    "100": "FOREST",
    "101": "PLAINS",
    "102": "HILLS",
    "103": "MOUNTAINS_NAKED",
    "104": "SWAMP",
    "105": "SAVANNA",
    "106": "SWAMP",
    "107": "SAVANNA",
    "108": "FOREST",
    "109": "MOUNTAINS_NAKED",
    "110": "SHORE",
    "111": "SWAMP_HILLS",
    "112": "SWAMP",
    "113": "SWAMP",
    "114": "SWAMP",
    "115": "SWAMP",
    "116": "SWAMP",
    "117": "SWAMP",
    "118": "SWAMP",
    "119": "CAVE_WALLS",
    "127": "END_VOID",
    "129": "SUNFLOWERS",
    "130": "DESERT",
    "131": "MOUNTAINS_SNOW_CAPS",
    "132": "FOREST_FLOWERS",
    "133": "PINES_HILLS",
    "134": "SWAMP_HILLS",
    "140": "ICE_SPIKES",
    "149": "JUNGLE_CLIFFS",
    "151": "JUNGLE_EDGE_HILLS",
    "155": "TALL_BIRCH",
    "156": "TALL_BIRCH_HILLS",
    "157": "DENSE_FOREST_HILLS",
    "158": "SNOW_PINES_HILLS",
    "160": "MEGA_SPRUCE",
    "161": "MEGA_SPRUCE_HILLS",
    "162": "MOUNTAINS_SNOW_CAPS",
    "163": "SAVANNA_CLIFFS",
    "164": "PLATEAU_SAVANNA_M",
    "165": "BRYCE",
    "166": "PLATEAU_MESA_TREES_LOW",
    "167": "PLATEAU_MESA_LOW"
  }
}
