{
    "name": "Blacksmith Trade List",
    "professions": [
        {
            "name": "blacksmith",
            "careers": [
                {
                    "name": "armorsmith",
                    "trades": [
                        {
                            "output": { "itemId": "nex:item_hide_salamander", "meta": 0, "minStackSize": 1, "maxStackSize": 1 },
                            "inputA": { "itemId": "nex:item_crystal_amethyst", "meta": 0, "minStackSize": 4, "maxStackSize": 6 },
                            "minTradesAvailable": 2,
                            "maxTradesAvailable": 8,
                            "level": 1
                        },
                        {
                            "output": { "itemId": "nex:item_crystal_amethyst", "meta": 0, "minStackSize": 1, "maxStackSize": 1 },
                            "inputA": { "itemId": "minecraft:iron_ingot", "meta": 0, "minStackSize": 10, "maxStackSize": 20 },
                            "minTradesAvailable": 1,
                            "maxTradesAvailable": 4,
                            "level": 1
                        },
                        {
                            "output": { "itemId": "minecraft:leather", "meta": 0, "minStackSize": 1, "maxStackSize": 2 },
                            "inputA": { "itemId": "nex:item_crystal_amethyst", "meta": 0, "minStackSize": 2, "maxStackSize": 4 },
                            "minTradesAvailable": 2,
                            "maxTradesAvailable": 8,
                            "level": 1
                        },
                        {
                            "output": { "itemId": "minecraft:iron_nugget", "meta": 0, "minStackSize": 12, "maxStackSize": 24 },
                            "inputA": { "itemId": "nex:item_crystal_amethyst", "meta": 0, "minStackSize": 1, "maxStackSize": 1 },
                            "minTradesAvailable": 4,
                            "maxTradesAvailable": 8,
                            "level": 1
                        },
                        {
                            "output": { "itemId": "minecraft:chainmail_chestplate", "meta": 0, "minStackSize": 1, "maxStackSize": 1 },
                            "inputA": { "itemId": "nex:item_crystal_amethyst", "meta": 0, "minStackSize": 12, "maxStackSize": 20 },
                            "minTradesAvailable": 1,
                            "maxTradesAvailable": 4,
                            "level": 2
                        },
                        {
                            "output": { "itemId": "minecraft:chainmail_boots", "meta": 0, "minStackSize": 1, "maxStackSize": 1 },
                            "inputA": { "itemId": "nex:item_crystal_amethyst", "meta": 0, "minStackSize": 6, "maxStackSize": 14 },
                            "minTradesAvailable": 1,
                            "maxTradesAvailable": 4,
                            "level": 2
                        },
                        {
                            "output": { "itemId": "minecraft:chainmail_helmet", "meta": 0, "minStackSize": 1, "maxStackSize": 1 },
                            "inputA": { "itemId": "nex:item_crystal_amethyst", "meta": 0, "minStackSize": 6, "maxStackSize": 14 },
                            "minTradesAvailable": 1,
                            "maxTradesAvailable": 4,
                            "level": 2
                        },
                        {
                            "output": { "itemId": "minecraft:chainmail_leggings", "meta": 0, "minStackSize": 1, "maxStackSize": 1 },
                            "inputA": { "itemId": "nex:item_crystal_amethyst", "meta": 0, "minStackSize": 9, "maxStackSize": 18 },
                            "minTradesAvailable": 1,
                            "maxTradesAvailable": 4,
                            "level": 2
                        },
                        {
                            "output": { "itemId": "nex:armor_helmet_hide_salamander", "meta": 0, "minStackSize": 1, "maxStackSize": 1 },
                            "inputA": { "itemId": "nex:block_amethyst", "meta": 0, "minStackSize": 1, "maxStackSize": 3 },
                            "minTradesAvailable": 1,
                            "maxTradesAvailable": 2,
                            "level": 3
                        },
                        {
                            "output": { "itemId": "nex:armor_chestplate_hide_salamander", "meta": 0, "minStackSize": 1, "maxStackSize": 1 },
                            "inputA": { "itemId": "nex:block_amethyst", "meta": 0, "minStackSize": 3, "maxStackSize": 4 },
                            "minTradesAvailable": 1,
                            "maxTradesAvailable": 2,
                            "level": 3
                        },
                        {
                            "output": { "itemId": "nex:armor_leggings_hide_salamander", "meta": 0, "minStackSize": 1, "maxStackSize": 1 },
                            "inputA": { "itemId": "nex:block_amethyst", "meta": 0, "minStackSize": 2, "maxStackSize": 4 },
                            "minTradesAvailable": 1,
                            "maxTradesAvailable": 2,
                            "level": 3
                        },
                        {
                            "output": { "itemId": "nex:armor_boots_hide_salamander", "meta": 0, "minStackSize": 1, "maxStackSize": 1 },
                            "inputA": { "itemId": "nex:block_amethyst", "meta": 0, "minStackSize": 1, "maxStackSize": 3 },
                            "minTradesAvailable": 1,
                            "maxTradesAvailable": 2,
                            "level": 3
                        }
                    ]
                },
                {
                    "name": "toolsmith",
                    "trades": [
                        {
                            "output": { "itemId": "minecraft:iron_nugget", "meta": 0, "minStackSize": 10, "maxStackSize": 24 },
                            "inputA": { "itemId": "nex:item_crystal_amethyst", "meta": 0, "minStackSize": 1, "maxStackSize": 1 },
                            "minTradesAvailable": 4,
                            "maxTradesAvailable": 8,
                            "level": 1
                        },
                        {
                            "output": { "itemId": "nex:item_crystal_amethyst", "meta": 0, "minStackSize": 1, "maxStackSize": 1 },
                            "inputA": { "itemId": "minecraft:gold_ingot", "meta": 0, "minStackSize": 4, "maxStackSize": 8 },
                            "minTradesAvailable": 2,
                            "maxTradesAvailable": 8,
                            "level": 1
                        },
                        {
                            "output": { "itemId": "minecraft:stone_pickaxe", "meta": 0, "minStackSize": 1, "maxStackSize": 1 },
                            "inputA": { "itemId": "nex:item_crystal_amethyst", "meta": 0, "minStackSize": 2, "maxStackSize": 4 },
                            "minTradesAvailable": 2,
                            "maxTradesAvailable": 4,
                            "level": 1
                        },
                        {
                            "output": { "itemId": "minecraft:stone_sword", "meta": 0, "minStackSize": 1, "maxStackSize": 1 },
                            "inputA": { "itemId": "nex:item_crystal_amethyst", "meta": 0, "minStackSize": 2, "maxStackSize": 5 },
                            "minTradesAvailable": 2,
                            "maxTradesAvailable": 4,
                            "level": 1
                        },
                        {
                            "output": { "itemId": "minecraft:stone_shovel", "meta": 0, "minStackSize": 1, "maxStackSize": 1 },
                            "inputA": { "itemId": "nex:item_crystal_amethyst", "meta": 0, "minStackSize": 2, "maxStackSize": 3 },
                            "minTradesAvailable": 2,
                            "maxTradesAvailable": 4,
                            "level": 1
                        },
                        {
                            "output": { "itemId": "minecraft:diamond", "meta": 0, "minStackSize": 1, "maxStackSize": 1 },
                            "inputA": { "itemId": "nex:item_crystal_amethyst", "meta": 0, "minStackSize": 2, "maxStackSize": 4 },
                            "minTradesAvailable": 2,
                            "maxTradesAvailable": 4,
                            "level": 2
                        },
                        {
                            "output": { "itemId": "minecraft:iron_pickaxe", "meta": 0, "minStackSize": 1, "maxStackSize": 1 },
                            "inputA": { "itemId": "nex:item_crystal_amethyst", "meta": 0, "minStackSize": 4, "maxStackSize": 6 },
                            "minTradesAvailable": 1,
                            "maxTradesAvailable": 2,
                            "level": 2
                        },
                        {
                            "output": { "itemId": "minecraft:iron_axe", "meta": 0, "minStackSize": 1, "maxStackSize": 1 },
                            "inputA": { "itemId": "nex:item_crystal_amethyst", "meta": 0, "minStackSize": 4, "maxStackSize": 5 },
                            "minTradesAvailable": 1,
                            "maxTradesAvailable": 2,
                            "level": 2
                        },
                        {
                            "output": { "itemId": "minecraft:iron_sword", "meta": 0, "minStackSize": 1, "maxStackSize": 1 },
                            "inputA": { "itemId": "nex:item_crystal_amethyst", "meta": 0, "minStackSize": 5, "maxStackSize": 7 },
                            "minTradesAvailable": 1,
                            "maxTradesAvailable": 2,
                            "level": 2
                        },
                        {
                            "output": { "itemId": "minecraft:iron_shovel", "meta": 0, "minStackSize": 1, "maxStackSize": 1 },
                            "inputA": { "itemId": "nex:item_crystal_amethyst", "meta": 0, "minStackSize": 4, "maxStackSize": 5 },
                            "minTradesAvailable": 1,
                            "maxTradesAvailable": 2,
                            "level": 2
                        },
                        {
                            "output": { "itemId": "minecraft:gold_nugget", "meta": 0, "minStackSize": 12, "maxStackSize": 28 },
                            "inputA": { "itemId": "nex:item_crystal_amethyst", "meta": 0, "minStackSize": 6, "maxStackSize": 9 },
                            "minTradesAvailable": 2,
                            "maxTradesAvailable": 4,
                            "level": 3
                        }
                    ]
                }
            ]
        }
    ]
}
