{
    "name": "Sorcerer Trade List",
    "professions": [
        {
            "name": "sorcerer",
            "careers": [
                {
                    "name": "enchanter",
                    "trades": [
                        {
                            "output": { "itemId": "minecraft:book", "meta": 0, "minStackSize": 1, "maxStackSize": 1 },
                            "inputA": { "itemId": "nex:item_crystal_amethyst", "meta": 0, "minStackSize": 5, "maxStackSize": 10 },
                            "minTradesAvailable": 2,
                            "maxTradesAvailable": 8,
                            "level": 1
                        },
                        {
                            "output": { "itemId": "minecraft:glowstone_dust", "meta": 0, "minStackSize": 3, "maxStackSize": 6 },
                            "inputA": { "itemId": "nex:item_crystal_amethyst", "meta": 0, "minStackSize": 1, "maxStackSize": 1 },
                            "minTradesAvailable": 4,
                            "maxTradesAvailable": 8,
                            "level": 1
                        },
                        {
                            "output": { "itemId": "nex:item_crystal_amethyst", "meta": 0, "minStackSize": 1, "maxStackSize": 1 },
                            "inputA": { "itemId": "minecraft:blaze_rod", "meta": 0, "minStackSize": 4, "maxStackSize": 8 },
                            "minTradesAvailable": 1,
                            "maxTradesAvailable": 4,
                            "level": 1
                        },
                        {
                            "output": {
                                "itemId": "minecraft:enchanted_book", "meta": 0, "minStackSize": 1, "maxStackSize": 1,
                                "enchantments": [ { "enchantmentId": "minecraft:unbreaking", "minLevel": 1, "maxLevel": 2 } ]
                            },
                            "inputA": { "itemId": "nex:item_crystal_amethyst", "meta": 0, "minStackSize": 8, "maxStackSize": 32 },
                            "minTradesAvailable": 1,
                            "maxTradesAvailable": 4,
                            "level": 2
                        },
                        {
                            "output": {
                                "itemId": "minecraft:enchanted_book", "meta": 0, "minStackSize": 1, "maxStackSize": 1,
                                "enchantments": [ { "enchantmentId": "minecraft:protection", "minLevel": 1, "maxLevel": 3 } ]
                            },
                            "inputA": { "itemId": "nex:item_crystal_amethyst", "meta": 0, "minStackSize": 4, "maxStackSize": 8 },
                            "inputB": { "itemId": "minecraft:book", "meta": 0, "minStackSize": 8, "maxStackSize": 32 },
                            "minTradesAvailable": 1,
                            "maxTradesAvailable": 4,
                            "level": 2
                        },
                        {
                            "output": {
                                "itemId": "minecraft:enchanted_book", "meta": 0, "minStackSize": 1, "maxStackSize": 1,
                                "enchantments": [ { "enchantmentId": "minecraft:sharpness", "minLevel": 1, "maxLevel": 4 } ]
                            },
                            "inputA": { "itemId": "nex:item_crystal_amethyst", "meta": 0, "minStackSize": 4, "maxStackSize": 8 },
                            "inputB": { "itemId": "minecraft:book", "meta": 0, "minStackSize": 8, "maxStackSize": 32 },
                            "minTradesAvailable": 1,
                            "maxTradesAvailable": 4,
                            "level": 2
                        },
                        {
                            "output": {
                                "itemId": "minecraft:enchanted_book", "meta": 0, "minStackSize": 1, "maxStackSize": 1,
                                "enchantments": [ { "enchantmentId": "minecraft:fire_protection", "minLevel": 1, "maxLevel": 4 } ]
                            },
                            "inputA": { "itemId": "nex:item_crystal_amethyst", "meta": 0, "minStackSize": 4, "maxStackSize": 8 },
                            "inputB": { "itemId": "minecraft:book", "meta": 0, "minStackSize": 16, "maxStackSize": 48 },
                            "minTradesAvailable": 1,
                            "maxTradesAvailable": 4,
                            "level": 2
                        },
                        {
                            "output": {
                                "itemId": "minecraft:enchanted_book", "meta": 0, "minStackSize": 1, "maxStackSize": 1,
                                "enchantments": [ { "enchantmentId": "minecraft:fortune", "minLevel": 1, "maxLevel": 3 } ]
                            },
                            "inputA": { "itemId": "nex:item_crystal_amethyst", "meta": 0, "minStackSize": 4, "maxStackSize": 8 },
                            "inputB": { "itemId": "minecraft:book", "meta": 0, "minStackSize": 24, "maxStackSize": 64 },
                            "minTradesAvailable": 1,
                            "maxTradesAvailable": 4,
                            "level": 2
                        },
                        {
                            "output": {
                                "itemId": "minecraft:enchanted_book", "meta": 0, "minStackSize": 1, "maxStackSize": 1,
                                "enchantments": [ { "enchantmentId": "minecraft:looting", "minLevel": 1, "maxLevel": 1 } ]
                            },
                            "inputA": { "itemId": "nex:item_crystal_amethyst", "meta": 0, "minStackSize": 4, "maxStackSize": 8 },
                            "inputB": { "itemId": "minecraft:book", "meta": 0, "minStackSize": 24, "maxStackSize": 64 },
                            "minTradesAvailable": 1,
                            "maxTradesAvailable": 4,
                            "level": 2
                        },
                        {
                            "output": { "itemId": "minecraft:experience_bottle", "meta": 0, "minStackSize": 1, "maxStackSize": 3 },
                            "inputA": { "itemId": "nex:item_crystal_amethyst", "meta": 0, "minStackSize": 6, "maxStackSize": 16 },
                            "minTradesAvailable": 1,
                            "maxTradesAvailable": 2,
                            "level": 3
                        }
                    ]
                },
                {
                    "name": "brewer",
                    "trades": [
                        {
                            "output": { "itemId": "nex:item_spore", "meta": 0, "minStackSize": 2, "maxStackSize": 5 },
                            "inputA": { "itemId": "nex:item_crystal_amethyst", "meta": 0, "minStackSize": 1, "maxStackSize": 1 },
                            "minTradesAvailable": 1,
                            "maxTradesAvailable": 8,
                            "level": 1
                        },
                        {
                            "output": { "itemId": "minecraft:magma_cream", "meta": 0, "minStackSize": 1, "maxStackSize": 1 },
                            "inputA": { "itemId": "nex:item_crystal_amethyst", "meta": 0, "minStackSize": 1, "maxStackSize": 2 },
                            "minTradesAvailable": 2,
                            "maxTradesAvailable": 4,
                            "level": 1
                        },
                        {
                            "output": { "itemId": "minecraft:glass_bottle", "meta": 0, "minStackSize": 3, "maxStackSize": 6 },
                            "inputA": { "itemId": "nex:item_crystal_amethyst", "meta": 0, "minStackSize": 1, "maxStackSize": 1 },
                            "minTradesAvailable": 4,
                            "maxTradesAvailable": 8,
                            "level": 1
                        },
                        {
                            "output": { "itemId": "minecraft:blaze_powder", "meta": 0, "minStackSize": 1, "maxStackSize": 2 },
                            "inputA": { "itemId": "nex:item_crystal_amethyst", "meta": 0, "minStackSize": 6, "maxStackSize": 12 },
                            "minTradesAvailable": 1,
                            "maxTradesAvailable": 4,
                            "level": 2
                        },
                        {
                            "output": { "itemId": "minecraft:nether_wart", "meta": 0, "minStackSize": 1, "maxStackSize": 6 },
                            "inputA": { "itemId": "nex:item_crystal_amethyst", "meta": 0, "minStackSize": 3, "maxStackSize": 4 },
                            "minTradesAvailable": 1,
                            "maxTradesAvailable": 4,
                            "level": 2
                        },
                        {
                            "output": { "itemId": "minecraft:speckled_melon", "meta": 0, "minStackSize": 1, "maxStackSize": 1 },
                            "inputA": { "itemId": "nex:block_amethyst", "meta": 0, "minStackSize": 1, "maxStackSize": 2 },
                            "minTradesAvailable": 1,
                            "maxTradesAvailable": 2,
                            "level": 3
                        }
                    ]
                }
            ]
        }
    ]
}
