[
  {
    "mob": "Skeleton",
    "remove": "minecraft:arrow"
  },
  {
    "mob": "Skeleton",
    "remove": "minecraft:bow"
  },
  {
    "mob": "Zombie",
    "remove": "minecraft:iron_ingot"
  },
  {
    "mob": "Zombie",
    "remove": "minecraft:leather_helmet"
  },
  {
    "mob": "Zombie",
    "remove": "minecraft:leather_chestplate"
  },
  {
    "mob": "Zombie",
    "remove": "minecraft:leather_leggings"
  },
  {
    "mob": "Zombie",
    "remove": "minecraft:leather_boots"
  },
  {
    "mob": "Zombie",
    "remove": "minecraft:iron_helmet"
  },
  {
    "mob": "Zombie",
    "remove": "minecraft:iron_chestplate"
  },
  {
    "mob": "Zombie",
    "remove": "minecraft:iron_leggings"
  },
  {
    "mob": "Zombie",
    "remove": "minecraft:iron_boots"
  },
  {
    "mob": "Zombie",
    "remove": "minecraft:golden_helmet"
  },
  {
    "mob": "Zombie",
    "remove": "minecraft:golden_chestplate"
  },
  {
    "mob": "Zombie",
    "remove": "minecraft:golden_leggings"
  },
  {
    "mob": "Zombie",
    "remove": "minecraft:golden_boots"
  },
  {
    "mob": "Zombie",
    "remove": "minecraft:chainmail_helmet"
  },
  {
    "mob": "Zombie",
    "remove": "minecraft:chainmail_chestplate"
  },
  {
    "mob": "Zombie",
    "remove": "minecraft:chainmail_leggings"
  },
  {
    "mob": "Zombie",
    "remove": "minecraft:chainmail_boots"
  },
  {
    "mob": "Zombie",
    "remove": "minecraft:diamond_helmet"
  },
  {
    "mob": "Zombie",
    "remove": "minecraft:diamond_chestplate"
  },
  {
    "mob": "Zombie",
    "remove": "minecraft:diamond_leggings"
  },
  {
    "mob": "Zombie",
    "remove": "minecraft:diamond_boots"
  },
  {
    "mob": "Witch",
    "remove": "minecraft:glass_bottle"
  },
  {
    "mob": "Witch",
    "remove": "minecraft:potion"
  },
  {
    "mob": "Witch",
    "item": "quark:witch_hat",
    "random": 0.5
  },
  {
    "mob": "Enderman",
    "remove": "minecraft:ender_pearl"
  },
  {
    "mob": "Enderman",
    "item": "appliedenergistics2:material@46",
    "itemcount": "0-1/0-2/1-3"
  },
  {
    "mob": "primal:shark_hammerhead",
    "remove": "primal:shark_fin"
  },
  {
    "mob": "emberroot:enderminy",
    "remove": "minecraft:ender_eye"
  },
  {
    "mob": "emberroot:enderminy",
    "item": "appliedenergistics2:material@46",
    "random": 1.15,
    "itemcount": "0-1/0-2/1-3"
  },
  {
    "mob": "totemic:buffalo",
    "item": "totemic:buffalo_items@1",
    "random": 0.5
  },
  {
    "mob": "totemic:buffalo",
    "item": "totemic:buffalo_items@1",
    "random": 0.25
  },
  {
    "mob": "totemic:buffalo",
    "item": "totemic:buffalo_items@1",
    "random": 0.10
  },
  {
    "mob": "totemic:buffalo",
    "remove": "primal:pelt_cow"
  },
  {
    "mob": "primal:canis_campestris",
    "item": "primal:pelt_wolf",
    "random": 0.25
  },
  {
    "mob": "emberroot:dire_wolf",
    "item": "primal:pelt_wolf",
    "random": 0.50
  },
  {
    "mob": "emberroot:dire_wolf",
    "item": "primal:wolf_head_item",
    "random": 0.25
  },
  {
    "mob": "playerskins:playermob",
    "item": "minecraft:rotten_flesh",
    "random": 0.9
  },
  {
    "mob": "playerskins:playermob",
    "item": "minecraft:bone",
    "random": 0.5
  },
  {
    "mob": "playerskins:playermob",
    "item": "death_compass:death_compass",
    "random": 0.2
  },
  {
    "mob": "minecraft:zombie_villager",
    "remove": "minecraft:iron_ingot"
  },
  {
    "mob": "minecraft:zombie_villager",
    "remove": "minecraft:leather_helmet"
  },
  {
    "mob": "minecraft:zombie_villager",
    "remove": "minecraft:leather_chestplate"
  },
  {
    "mob": "minecraft:zombie_villager",
    "remove": "minecraft:leather_leggings"
  },
  {
    "mob": "minecraft:zombie_villager",
    "remove": "minecraft:leather_boots"
  },
  {
    "mob": "minecraft:zombie_villager",
    "remove": "minecraft:iron_helmet"
  },
  {
    "mob": "minecraft:zombie_villager",
    "remove": "minecraft:iron_chestplate"
  },
  {
    "mob": "minecraft:zombie_villager",
    "remove": "minecraft:iron_leggings"
  },
  {
    "mob": "minecraft:zombie_villager",
    "remove": "minecraft:iron_boots"
  },
  {
    "mob": "minecraft:zombie_villager",
    "remove": "minecraft:golden_helmet"
  },
  {
    "mob": "minecraft:zombie_villager",
    "remove": "minecraft:golden_chestplate"
  },
  {
    "mob": "minecraft:zombie_villager",
    "remove": "minecraft:golden_leggings"
  },
  {
    "mob": "minecraft:zombie_villager",
    "remove": "minecraft:golden_boots"
  },
  {
    "mob": "minecraft:zombie_villager",
    "remove": "minecraft:chainmail_helmet"
  },
  {
    "mob": "minecraft:zombie_villager",
    "remove": "minecraft:chainmail_chestplate"
  },
  {
    "mob": "minecraft:zombie_villager",
    "remove": "minecraft:chainmail_leggings"
  },
  {
    "mob": "minecraft:zombie_villager",
    "remove": "minecraft:chainmail_boots"
  },
  {
    "mob": "minecraft:zombie_villager",
    "remove": "minecraft:diamond_helmet"
  },
  {
    "mob": "minecraft:zombie_villager",
    "remove": "minecraft:diamond_chestplate"
  },
  {
    "mob": "minecraft:zombie_villager",
    "remove": "minecraft:diamond_leggings"
  },
  {
    "mob": "minecraft:zombie_villager",
    "remove": "minecraft:diamond_boots"
  },
  {
    "mob": "minecraft:vindication_illager",
    "remove": "minecraft:emerald"
  },
  {
    "mob": "minecraft:zombie_pigman",
    "remove": "minecraft:gold_ingot"
  },
  {
    "mob": "minecraft:zombie_pigman",
    "remove": "minecraft:gold_nugget"
  },
  {
    "mob": "minecraft:zombie_pigman",
    "remove": "minecraft:golden_sword"
  },
  {
    "mob": "minecraft:evocation_illager",
    "remove": "minecraft:emerald"
  },
  {
    "mob": "Husk",
    "remove": "minecraft:iron_ingot"
  },
  {
    "mob": "Stray",
    "remove": "minecraft:arrow"
  },
  {
    "mob": "Stray",
    "remove": "minecraft:tipped_arrow"
  },
  {
    "mob": "magma_monsters:magma_monster",
    "remove": "minecraft:magma_cream"
  },
  {
    "mob": "magma_monsters:magma_monster",
    "remove": "minecraft:blaze_powder"
  },
  {
    "mob": "magma_monsters:magma_monster",
    "remove": "minecraft:obsidian"
  },
  {
    "mob": "magma_monsters:magma_monster_grunt",
    "remove": "minecraft:magma_cream"
  },
  {
    "mob": "magma_monsters:magma_monster",
    "item": "minecraft:coal@1",
    "random": 0.45
  },
  {
    "mob": "magma_monsters:magma_monster",
    "item": "minecraft:coal@1",
    "random": 0.15
  },
  {
    "mob": "magma_monsters:magma_monster_grunt",
    "item": "minecraft:coal@1",
    "random": 0.45
  },
  {
    "mob": "magma_monsters:magma_monster_grunt",
    "item": "minecraft:coal@1",
    "random": 0.15
  },
  {
    "mob": "emberroot:rainbow_golem",
    "remove": "minecraft:coal@1"
  },
  {
    "mob": "emberroot:rainbow_golem",
    "remove": "minecraft:fire_charge"
  },
  {
    "mob": "emberroot:rainbow_golem",
    "remove": "minecraft:iron_nugget"
  },
  {
    "mob": "emberroot:rainbow_golem",
    "remove": "minecraft:redstone"
  },
  {
    "mob": "emberroot:rainbow_golem",
    "remove": "minecraft:spider_eye"
  },
  {
    "mob": "emberroot:witherwitch",
    "remove": "minecraft:glass_bottle"
  },
  {
    "mob": "emberroot:witherwitch",
    "remove": "minecraft:potion"
  },
  {
    "mob": "emberroot:witherwitch",
    "item": "quark:witch_hat",
    "random": 0.5
  },
  {
    "mob": "totemic:baykok",
    "remove": "minecraft:skull@1"
  },
  {
    "mob": "totemic:baykok",
    "remove": "minecraft:arrow"
  },
  {
    "mob": "totemic:baykok",
    "item": "simplyarrows:arrow_bone",
    "random": 0.5
  },
  {
    "mob": "totemic:baykok",
    "item": "simplyarrows:arrow_bone",
    "random": 1.0
  },
  {
    "mob": "totemic:baykok",
    "item": "simplyarrows:arrow_bone",
    "random": 1.0
  },
  {
    "mob": "totemic:baykok",
    "item": "simplyarrows:arrow_bone",
    "random": 1.0
  },
  {
    "mob": "totemic:baykok",
    "item": "simplyarrows:arrow_bone",
    "random": 1.0
  },
  {
    "mob": "totemic:baykok",
    "item": "simplyarrows:arrow_bone",
    "random": 1.0
  },
  {
    "mob": "totemic:baykok",
    "item": "simplyarrows:arrow_bone",
    "random": 1.0
  },
  {
    "mob": "totemic:baykok",
    "item": "simplyarrows:arrow_bone",
    "random": 1.0
  },
  {
    "mob": "totemic:baykok",
    "item": "simplyarrows:arrow_bone",
    "random": 1.0
  },
  {
    "mob": "totemic:baykok",
    "item": "simplyarrows:arrow_bone",
    "random": 0.75
  },
  {
    "mob": "totemic:baykok",
    "item": "simplyarrows:arrow_bone",
    "random": 0.75
  },
  {
    "mob": "totemic:baykok",
    "item": "simplyarrows:arrow_bone",
    "random": 0.75
  },
  {
    "mob": "totemic:baykok",
    "item": "simplyarrows:arrow_bone",
    "random": 0.75
  },
  {
    "mob": "totemic:baykok",
    "item": "simplyarrows:arrow_bone",
    "random": 0.5
  },
  {
    "mob": "totemic:baykok",
    "item": "simplyarrows:arrow_bone",
    "random": 0.4
  },
  {
    "mob": "totemic:baykok",
    "item": "simplyarrows:arrow_bone",
    "random": 0.25
  },
  {
    "mob": "totemic:baykok",
    "item": "simplyarrows:arrow_flint",
    "random": 1.0
  },
  {
    "mob": "totemic:baykok",
    "item": "simplyarrows:arrow_flint",
    "random": 1.0
  },
  {
    "mob": "Bat",
    "remove": "actuallyadditions:item_misc@15"
  },
  {
    "mob": "WitherSkeleton",
    "remove": "quark:black_ash"
  },
  {
    "mob": "Zombie",
    "item": "minecraft:bone",
    "random": 0.40
  },
  {
    "mob": "totemic:buffalo",
    "item": "minecraft:bone",
    "random": 0.40
  },
  {
    "mob": "emberroot:rootsonespriteling",
    "remove": "minecraft:glowstone_dust"
  },
  {
    "mob": "fat_cat:fat_cat",
    "item": "minecraft:rotten_flesh",
    "random": 0.75
  },
  {
    "mob": "fat_cat:fat_cat",
    "item": "minecraft:clock",
    "random": 0.1
  },
  {
    "mob": "fat_cat:fat_cat",
    "item": "minecraft:bone",
    "random": 0.65
  },
  {
    "mob": "fat_cat:fat_cat",
    "item": "bibliocraft:biblioglasses@2",
    "random": 0.1
  },
  {
    "mob": "Blaze",
    "item": "minecraft:blaze_powder",
    "itemcount": "0-1/0-2/1-3"
  },
  {
    "mob": "nex:monster_spinout",
    "item": "teslacorelib:gear_stone",
    "random": 0.33
  },
  {
    "mob": "nex:monster_spinout",
    "item": "contenttweaker:material_part",
    "random": 0.015
  },
  {
    "mob": "nex:monster_spinout",
    "remove": "minecraft:quartz"
  },
  {
    "mob": "twilightforest:skeleton_druid",
    "item": "twilightforest:transformation_powder",
    "random": 0.25
  },
  {
    "mob": "minecraft:polar_bear",
    "item": "animalium:bear_claw",
    "random": 1.0
  },
  {
    "mob": "minecraft:polar_bear",
    "item": "animalium:bear_claw",
    "random": 0.35
  },
  {
    "mob": "primal:bear_brown",
    "item": "animalium:bear_claw",
    "random": 1.0
  },
  {
    "mob": "primal:bear_brown",
    "item": "animalium:bear_claw",
    "random": 0.35
  },
  {
    "mob": "primal:bear_black",
    "item": "animalium:bear_claw",
    "random": 1.0
  },
  {
    "mob": "primal:bear_black",
    "item": "animalium:bear_claw",
    "random": 0.35
  },
  {
    "mob": "twilightforest:bighorn_sheep",
    "item": "twilightforest:transformation_powder",
    "random": 0.05
  },
  {
    "mob": "abyssalcraft:lessershoggoth",
    "item": [
      "abyssalcraft:shoggothflesh",
      "abyssalcraft:shoggothflesh",
      "abyssalcraft:shoggothflesh"
    ],
    "random": 1.0
  },
  {
    "mob": "abyssalcraft:shadowcreature",
    "item": "abyssalcraft:shadowfragment",
    "random": 1.0
  },
  {
    "mob": "abyssalcraft:shadowcreature",
    "item": "abyssalcraft:shadowgem",
    "random": 0.02
  },
  {
    "mob": "abyssalcraft:shadowmonster",
    "item": "abyssalcraft:shadowshard",
    "random": 1.0
  },
  {
    "mob": "abyssalcraft:shadowmonster",
    "item": "abyssalcraft:shadowgem",
    "random": 0.05
  },
  {
    "mob": "abyssalcraft:shadowbeast",
    "item": "abyssalcraft:shadowgem",
    "random": 1.0
  },
  {
    "mob": "twilightforest:hydra",
    "item": [
      "twilightforest:fiery_blood",
      "twilightforest:fiery_blood",
      "twilightforest:fiery_blood",
      "twilightforest:fiery_blood",
      "twilightforest:fiery_blood",
      "twilightforest:fiery_blood",
      "twilightforest:fiery_blood",
      "twilightforest:fiery_blood",
      "twilightforest:fiery_blood"
    ],
    "random": 1.0
  },
  {
    "mob": "thebetweenlands:mire_snail",
    "item": "thebetweenlands:rotten_food",
    "random": 0.35
  },
  {
    "mob": "thebetweenlands:lurker",
    "item": "thebetweenlands:rotten_food",
    "random": 0.35
  },
  {
    "mob": "thebetweenlands:gecko",
    "item": "thebetweenlands:rotten_food",
    "random": 0.35
  },
  {
    "mob": "thebetweenlands:toad",
    "item": "thebetweenlands:rotten_food",
    "random": 0.35
  },
  {
    "mob": "thebetweenlands:blind_cave_fish",
    "item": "thebetweenlands:rotten_food",
    "random": 0.35
  },
  {
    "mob": "thebetweenlands:chiromaw",
    "item": "thebetweenlands:rotten_food",
    "random": 0.35
  },
  {
    "mob": "thebetweenlands:frog",
    "item": "thebetweenlands:rotten_food",
    "random": 0.35
  },
  {
    "mob": "thebetweenlands:gas_cloud",
    "item": "thebetweenlands:rotten_food",
    "random": 0.35
  },
  {
    "mob": "thebetweenlands:silt_crab",
    "item": "thebetweenlands:rotten_food",
    "random": 0.35
  },
  {
    "mob": "thebetweenlands:pyrad",
    "item": "thebetweenlands:rotten_food",
    "random": 0.35
  },
  {
    "mob": "thebetweenlands:peat_mummy",
    "item": "thebetweenlands:rotten_food",
    "random": 0.35
  },
  {
    "mob": "thebetweenlands:smoll_sludge",
    "item": "thebetweenlands:rotten_food",
    "random": 0.35
  },
  {
    "mob": "thebetweenlands:angler",
    "item": "thebetweenlands:rotten_food",
    "random": 0.35
  },
  {
    "mob": "thebetweenlands:swamp_hag",
    "item": "thebetweenlands:rotten_food",
    "random": 0.35
  },
  {
    "mob": "thebetweenlands:sludge",
    "item": "thebetweenlands:rotten_food",
    "random": 0.35
  },
  {
    "mob": "thebetweenlands:wight",
    "item": "thebetweenlands:rotten_food",
    "random": 0.35
  },
  {
    "mob": "thebetweenlands:sporeling",
    "item": "thebetweenlands:rotten_food",
    "random": 0.35
  },
  {
    "mob": "thebetweenlands:leech",
    "item": "thebetweenlands:rotten_food",
    "random": 0.35
  },
  {
    "mob": "thebetweenlands:dragonfly",
    "item": "thebetweenlands:rotten_food",
    "random": 0.35
  },
  {
    "mob": "thebetweenlands:blood_snail",
    "item": "thebetweenlands:rotten_food",
    "random": 0.35
  },
  {
    "mob": "thebetweenlands:leech",
    "item": "thebetweenlands:rotten_food",
    "random": 0.35
  },
  {
    "mob": "Cow",
    "item": "minecraft:bone",
    "random": 0.25
  },
  {
    "mob": "Sheep",
    "item": "minecraft:bone",
    "random": 0.25
  },
  {
    "mob": "Chicken",
    "item": "minecraft:bone",
    "random": 0.25
  },
  {
    "mob": "Pig",
    "item": "minecraft:bone",
    "random": 0.25
  },
  {
    "mob": "Horse",
    "item": "minecraft:bone",
    "random": 0.25
  },
  {
    "mob": "Llama",
    "item": "minecraft:bone",
    "random": 0.25
  },
  {
    "mob": "polar_bear",
    "item": "minecraft:bone",
    "random": 0.25
  },
  {
    "mob": "primal:bear_brown",
    "item": "minecraft:bone",
    "random": 0.25
  },
  {
    "mob": "primal:bear_black",
    "item": "minecraft:bone",
    "random": 0.25
  },
  {
    "mob": "animalium:bear",
    "item": "minecraft:bone",
    "random": 0.25
  },
  {
    "mob": "animalium:wild_dog",
    "item": "minecraft:bone",
    "random": 0.25
  },
  {
    "mob": "animalium:wild_dog",
    "item": "animalium:wild_dog_pelt",
    "random": 0.5
  },
  {
    "mob": "animalium:wild_dog",
    "item": "animalium:wild_dog_pelt",
    "random": 0.5,
    "itemcount": "1/0/0"
  },
  {
    "mob": "animalium:wild_dog",
    "item": "animalium:wild_dog_pelt",
    "random": 0.6,
    "itemcount": "0/1/0"
  },
  {
    "mob": "animalium:wild_dog",
    "item": "animalium:wild_dog_pelt",
    "random": 0.65,
    "itemcount": "0/0/2"
  },
  {
    "mob": "animalium:rat",
    "item": "minecraft:bone",
    "random": 0.25
  },
  {
    "mob": "twilightforest:hostile_wolf",
    "item": "minecraft:bone",
    "random": 0.25
  },
  {
    "mob": "twilightforest:mist_wolf",
    "item": "minecraft:bone",
    "random": 0.25
  },
  {
    "mob": "twilightforest:winter_wolf",
    "item": "minecraft:bone",
    "random": 0.25
  },
  {
    "mob": "emberroot:dire_wolf",
    "item": "minecraft:bone",
    "random": 0.25
  },
  {
    "mob": "emberroot:timberwolf",
    "item": "minecraft:bone",
    "random": 0.25
  },
  {
    "mob": "primal:canis_campestris",
    "item": "minecraft:bone",
    "random": 0.25
  },
  {
    "mob": "thebetweenlands:wight",
    "item": "thebetweenlands:ring_of_flight",
    "random": 0.01,
    "itemcount": "1/0/0"
  },
  {
    "mob": "thebetweenlands:wight",
    "item": "thebetweenlands:ring_of_flight",
    "random": 0.02,
    "itemcount": "0/1/0"
  },
  {
    "mob": "thebetweenlands:wight",
    "item": "thebetweenlands:ring_of_flight",
    "random": 0.03,
    "itemcount": "0/0/1"
  },
  {
    "mob": "thebetweenlands:peat_mummy",
    "item": "thebetweenlands:ring_of_flight",
    "random": 0.03,
    "itemcount": "1/0/0"
  },
  {
    "mob": "thebetweenlands:peat_mummy",
    "item": "thebetweenlands:ring_of_flight",
    "random": 0.05,
    "itemcount": "0/1/0"
  },
  {
    "mob": "thebetweenlands:peat_mummy",
    "item": "thebetweenlands:ring_of_flight",
    "random": 0.07,
    "itemcount": "0/0/1"
  },
  {
    "mob": "thebetweenlands:dreadful_mummy",
    "item": "thebetweenlands:ring_of_flight",
    "random": 1.0
  },
  {
    "mob": "thebetweenlands:fortress_boss",
    "item": "thebetweenlands:ring_of_flight",
    "random": 1.0
  },
  {
    "mob": "thebetweenlands:gas_cloud",
    "item": "thebetweenlands:ring_of_flight",
    "random": 0.03,
    "itemcount": "1/0/0"
  },
  {
    "mob": "thebetweenlands:gas_cloud",
    "item": "thebetweenlands:ring_of_flight",
    "random": 0.05,
    "itemcount": "0/1/0"
  },
  {
    "mob": "thebetweenlands:gas_cloud",
    "item": "thebetweenlands:ring_of_flight",
    "random": 0.07,
    "itemcount": "0/0/1"
  },
  {
    "mob": "thebetweenlands:tar_beast",
    "item": "thebetweenlands:ring_of_flight",
    "random": 0.01,
    "itemcount": "1/0/0"
  },
  {
    "mob": "thebetweenlands:tar_beast",
    "item": "thebetweenlands:ring_of_flight",
    "random": 0.02,
    "itemcount": "0/1/0"
  },
  {
    "mob": "thebetweenlands:tar_beast",
    "item": "thebetweenlands:ring_of_flight",
    "random": 0.03,
    "itemcount": "0/0/1"
  },
  {
    "mob": "thebetweenlands:pyrad",
    "item": "thebetweenlands:ring_of_flight",
    "random": 0.01,
    "itemcount": "1/0/0"
  },
  {
    "mob": "thebetweenlands:pyrad",
    "item": "thebetweenlands:ring_of_flight",
    "random": 0.02,
    "itemcount": "0/1/0"
  },
  {
    "mob": "thebetweenlands:pyrad",
    "item": "thebetweenlands:ring_of_flight",
    "random": 0.03,
    "itemcount": "0/0/1"
  },
  {
    "mob": "twilightforest:kobold",
    "item": "minecraft:prismarine_shard",
    "random": 0.20,
    "itemcount": "0-1/0-2/1-3"
  },
  {
    "mob": "twilightforest:goblin_knight_lower",
    "item": "minecraft:prismarine_shard",
    "random": 0.20,
    "itemcount": "0-1/0-2/1-3"
  },
  {
    "mob": "twilightforest:slime_beetle",
    "item": "minecraft:prismarine_shard",
    "random": 0.20,
    "itemcount": "0-1/0-2/1-3"
  },
  {
    "mob": "twilightforest:helmet_crab",
    "item": "minecraft:prismarine_shard",
    "random": 0.20,
    "itemcount": "0-1/0-2/1-3"
  }
]